views,clean_url
20545,docs.statsig.com/
6182,docs.statsig.com/client/javascript-sdk/
4311,docs.statsig.com/client/javascript-sdk/react/
3503,docs.statsig.com/client/javascript-sdk
3423,docs.statsig.com/client/javascript-sdk/react
3130,docs.statsig.com/experiments-plus/
2894,docs.statsig.com/server/nodejsServerSDK/
2712,docs.statsig.com/server-core/python-core/
2701,docs.statsig.com/pulse/export/
2699,docs.statsig.com/feature-flags/working-with/
2633,docs.statsig.com/experimentation/quality-score/
2535,docs.statsig.com/client/introduction/
2429,docs.statsig.com/client/javascript-sdk/next-js/
2330,docs.statsig.com/layers/
2253,docs.statsig.com/client/javascript-sdk/next-js
2055,docs.statsig.com/sdk/debugging/
1950,docs.statsig.com/feature-flags/feature-flags-lifecycle/
1937,docs.statsig.com/server-core/java-core/
1791,docs.statsig.com/server/pythonSDK/
1769,docs.statsig.com/sdks/getting-started/
1730,docs.statsig.com/concepts/user/
1724,docs.statsig.com/http-api/
1717,docs.statsig.com/experiments-plus/monitor/
1695,docs.statsig.com/feature-flags/conditions/
1669,docs.statsig.com/statsig-warehouse-native/features/monitor-an-experiment/
1652,docs.statsig.com/dynamic-config/
1605,docs.statsig.com/sdks/getting-started
1540,docs.statsig.com/faq/
1489,docs.statsig.com/guides/first-feature
1436,docs.statsig.com/http-api
1434,docs.statsig.com/feature-flags/working-with
1398,docs.statsig.com/server/nodejsServerSDK
1382,docs.statsig.com/client/javascript-sdk/migrating-from-statsig-js/
1365,docs.statsig.com/experiments-plus
1348,docs.statsig.com/autotune/
1344,docs.statsig.com/experiments-plus/create-new/
1342,docs.statsig.com/client/javascript-sdk/react-native/
1320,docs.statsig.com/sdks/client-vs-server
1311,docs.statsig.com/client/concepts/initialize/
1262,docs.statsig.com/statsig-warehouse-native/introduction/
1261,docs.statsig.com/client/iosClientSDK/
1205,docs.statsig.com/feature-flags/create-new
1203,docs.statsig.com/guides/logging-events/
1179,docs.statsig.com/holdouts/
1148,docs.statsig.com/client/javascript-sdk/init-strategies/
1144,docs.statsig.com/metrics/
1138,docs.statsig.com/server/javaSdk/
1129,docs.statsig.com/guides/experiment-on-custom-id-types/
1119,docs.statsig.com/guides/first-feature/
1093,docs.statsig.com/stats-engine/methodologies/benjamini%E2%80%93hochberg-procedure/
1093,docs.statsig.com/guides/abn-tests
1088,docs.statsig.com/guides/abn-tests/
1081,docs.statsig.com/understanding-platform
1076,docs.statsig.com/experiments-plus/sequential-testing/
1063,docs.statsig.com/client/concepts/initialize
1032,docs.statsig.com/guides/using-environments/
1013,docs.statsig.com/console-api/introduction/
1008,docs.statsig.com/client/concepts/parameter-stores/
1001,docs.statsig.com/experiments-plus/create-new
988,docs.statsig.com/feature-flags/add-rule
973,docs.statsig.com/experiments-plus/working-with
962,docs.statsig.com/client/javascript-sdk/migrating-from-statsig-react/
955,docs.statsig.com/experiments-plus/overrides/
945,docs.statsig.com/infrastructure/statsig_domains/
927,docs.statsig.com/server/golangSDK/
918,docs.statsig.com/guides/logging-events
904,docs.statsig.com/statsig-warehouse-native/configuration/metrics/
900,docs.statsig.com/experiments-plus/bayesian/
885,docs.statsig.com/server-core/node-core/
868,docs.statsig.com/product-analytics/overview/
850,docs.statsig.com/experiments-plus/power-analysis/
836,docs.statsig.com/experiments-plus/working-with/
833,docs.statsig.com/pulse/
812,docs.statsig.com/metrics/create/
806,docs.statsig.com/statsig-warehouse-native/features/id-resolution/
796,docs.statsig.com/dynamic-config
794,docs.statsig.com/feature-flags/view-exposures/
770,docs.statsig.com/experiments-plus/stratified-sampling/
763,docs.statsig.com/experiments-plus/switchback-tests/
747,docs.statsig.com/console-api/experiments
735,docs.statsig.com/console-api/introduction
729,docs.statsig.com/console-api/all-endpoints-generated/
724,docs.statsig.com/integrations/event_webhook/
723,docs.statsig.com/client/androidClientSDK/
713,docs.statsig.com/webanalytics/overview/
713,docs.statsig.com/guides/first-device-level-experiment
710,docs.statsig.com/client/concepts/parameter-stores
701,docs.statsig.com/feature-flags/test-gate
697,docs.statsig.com/console-api/gates
697,docs.statsig.com/dynamic-config/working-with
694,docs.statsig.com/concepts/user
682,docs.statsig.com/server/rubySDK/
682,docs.statsig.com/statsig-warehouse-native/introduction
679,docs.statsig.com/console-api/experiments/
678,docs.statsig.com/feature-flags/conditions
673,docs.statsig.com/webanalytics/overview
671,docs.statsig.com/faq
668,docs.statsig.com/statsig-warehouse-native/configuration/metric-sources/
664,docs.statsig.com/stats-engine
657,docs.statsig.com/experiments-plus/implement
653,docs.statsig.com/guides/experiment-on-custom-id-types
647,docs.statsig.com/segments/
641,docs.statsig.com/console-api/gates/
639,docs.statsig.com/console-api/all-endpoints-generated
635,docs.statsig.com/guides/first-dynamic-config
628,docs.statsig.com/guides/sidecar-experiments/measuring-experiments/
625,docs.statsig.com/product-analytics/overview
619,docs.statsig.com/server-core/node-core
610,docs.statsig.com/integrations/data-connectors/segment/
610,docs.statsig.com/feature-flags/best-practices/
609,docs.statsig.com/guides/first-device-level-experiment/
603,docs.statsig.com/integrations/vercel/
603,docs.statsig.com/client/javascript-sdk/expo/
600,docs.statsig.com/server/phpSDK/
592,docs.statsig.com/guides/testing/
589,docs.statsig.com/guides/first-dynamic-config/
589,docs.statsig.com/integrations/introduction/
588,docs.statsig.com/session-replay/overview/
583,docs.statsig.com/client/javascript-sdk/stable-id/
576,docs.statsig.com/statsig-warehouse-native/connecting-your-warehouse/snowflake/
572,docs.statsig.com/guides/sidecar-experiments/introduction/
572,docs.statsig.com/experiments-plus/power-analysis
567,docs.statsig.com/stats-engine/methodologies/cuped/
566,docs.statsig.com/server/introduction/
562,docs.statsig.com/guides/featureflags-or-experiments/
562,docs.statsig.com/pulse/drill-down/
559,docs.statsig.com/client/iosClientSDK
556,docs.statsig.com/experiments-plus/read-results/
547,docs.statsig.com/guides/using-environments
547,docs.statsig.com/metrics/101
544,docs.statsig.com/guides/sidecar-experiments/creating-experiments
533,docs.statsig.com/client/javascript-sdk/react-native
527,docs.statsig.com/custom_proxy/
527,docs.statsig.com/client/androidClientSDK
527,docs.statsig.com/layers
521,docs.statsig.com/data-warehouse-ingestion/introduction/
520,docs.statsig.com/statsig-warehouse-native/guides/best-practices/
513,docs.statsig.com/metrics/how-metrics-work
512,docs.statsig.com/client/deprecated/reactSDK/
508,docs.statsig.com/sdk-keys/target-apps/
507,docs.statsig.com/experiments-plus/getting-group
503,docs.statsig.com/guides/sidecar-experiments/setup
498,docs.statsig.com/feature-flags/view-exposures
496,docs.statsig.com/guides/featureflags-or-experiments
494,docs.statsig.com/metrics/metric-alerts/
493,docs.statsig.com/pulse/read-pulse/
492,docs.statsig.com/server/concepts/persistent_assignment/
491,docs.statsig.com/feature-flags/best-practices
489,docs.statsig.com/feature-flags/overrides
484,docs.statsig.com/experiments-plus/rules
482,docs.statsig.com/sdks/client-vs-server/
476,docs.statsig.com/feature-flags/scheduled-rollouts/
476,docs.statsig.com/product-analytics/drilldown
476,docs.statsig.com/stats-engine/variance_reduction/
474,docs.statsig.com/metrics/raw-events
464,docs.statsig.com/client/html-snippet
463,docs.statsig.com/experiments-plus/ending-experiment/
459,docs.statsig.com/console-api/metrics/
455,docs.statsig.com/feature-flags/scheduled-rollouts
450,docs.statsig.com/understanding-platform/
442,docs.statsig.com/session-replay/overview
441,docs.statsig.com/metrics/local-metrics/
438,docs.statsig.com/stats-engine/methodologies/winsorization/
438,docs.statsig.com/experiments-plus/read-results
435,docs.statsig.com/guides/testing
431,docs.statsig.com/experiments-plus/make-decision/
427,docs.statsig.com/metrics/custom-metrics
427,docs.statsig.com/guides/cdn-edge-testing/
424,docs.statsig.com/session-replay/install
422,docs.statsig.com/client/javascript-sdk/using-evaluations-data-adapter/
418,docs.statsig.com/metrics/create
411,docs.statsig.com/experiments-plus/monitor
410,docs.statsig.com/data-warehouse-ingestion/introduction
410,docs.statsig.com/sdk-keys/api-keys/
409,docs.statsig.com/feature-flags/feature-flags-lifecycle
408,docs.statsig.com/statsig-warehouse-native/features/targeting/
407,docs.statsig.com/guides/sidecar-experiments/introduction
406,docs.statsig.com/metrics/ingest
406,docs.statsig.com/server/pythonSDK
405,docs.statsig.com/experimentation/meta-analysis/
401,docs.statsig.com/contextual-bandit/
396,docs.statsig.com/metrics/create-user-funnels/
395,docs.statsig.com/guides/private-attributes/
395,docs.statsig.com/guides/shopify-ab-test/
393,docs.statsig.com/metrics/metric-dimensions/
392,docs.statsig.com/feature-flags/permanent-and-stale-gates/
391,docs.statsig.com/dynamic-config/enforce-schema
389,docs.statsig.com/dynamic-config/add-rule
389,docs.statsig.com/statsig-warehouse-native/features/configure-an-experiment/
388,docs.statsig.com/session-replay/configure
388,docs.statsig.com/statsig-warehouse-native/metrics/ratio/
387,docs.statsig.com/statsig-warehouse-native/configuration/metric-sources
386,docs.statsig.com/feature-flags/create-new/
386,docs.statsig.com/stats-engine/confidence-intervals/
378,docs.statsig.com/integrations/slack/
377,docs.statsig.com/feature-flags/add-rule/
375,docs.statsig.com/server/dotnetSDK/
375,docs.statsig.com/guides/sidecar-experiments/measuring-experiments
372,docs.statsig.com/client/javascript-sdk/init-strategies
371,docs.statsig.com/integrations/introduction
371,docs.statsig.com/feature-flags/test-gate/
370,docs.statsig.com/dynamic-config/create-new
370,docs.statsig.com/statsig-warehouse-native/configuration/assignment-sources/
369,docs.statsig.com/server/javaSdk
369,docs.statsig.com/autotune
368,docs.statsig.com/developer-guides/feature-flags-in-expo/
368,docs.statsig.com/segments
366,docs.statsig.com/integrations/cloudflare/
365,docs.statsig.com/infrastructure/managed-proxy/
363,docs.statsig.com/experiments-plus/stop-assignments/
362,docs.statsig.com/experiments-plus/interaction-detection/
361,docs.statsig.com/ai-ml/ai-prompt-experiment/
361,docs.statsig.com/experiments-plus/getting-group/
358,docs.statsig.com/console-api/metrics
357,docs.statsig.com/guides/setting-up-reviews/
357,docs.statsig.com/users/
350,docs.statsig.com/sdk/debugging
348,docs.statsig.com/integrations/data-exports/overview/
348,docs.statsig.com/server/concepts/forward_proxy/
346,docs.statsig.com/access-management/sso/overview/
345,docs.statsig.com/session-replay/install/
344,docs.statsig.com/metrics/raw-events/
344,docs.statsig.com/server/concepts/data_store/
344,docs.statsig.com/experiments-plus/make-decision
343,docs.statsig.com/product-analytics/dashboards/
343,docs.statsig.com/stats-engine/
342,docs.statsig.com/segments/add-id-list/
342,docs.statsig.com/statsig-warehouse-native/pipeline-overview/
337,docs.statsig.com/metrics/custom-metrics/
336,docs.statsig.com/integrations/fastly/
335,docs.statsig.com/data-warehouse-ingestion/data_mapping/
334,docs.statsig.com/stats-engine/topline-impact/
332,docs.statsig.com/stats-engine/methodologies/delta-method/
331,docs.statsig.com/access-management/projects/
330,docs.statsig.com/server/golangSDK
328,docs.statsig.com/statsig-warehouse-native/guides/metrics/
328,docs.statsig.com/feature-flags/permanent-and-stale-gates
327,docs.statsig.com/stats-engine/metric-deltas
325,docs.statsig.com/integrations/gtm/
325,docs.statsig.com/client/concepts/persistent_assignment/
325,docs.statsig.com/console-api/dynamic_configs
322,docs.statsig.com/console-api/daily-reports/
318,docs.statsig.com/stats-engine/pre-experiment-bias/
316,docs.statsig.com/guides/sidecar-experiments/creating-experiments/
314,docs.statsig.com/client/js-on-device-eval-client/
313,docs.statsig.com/guides/running-a-poc/
312,docs.statsig.com/guides/sidecar-experiments/setup/
311,docs.statsig.com/stats-engine/methodologies/one-sided-test/
311,docs.statsig.com/metrics/metrics-from-events
311,docs.statsig.com/feature-flags/overrides/
311,docs.statsig.com/insights/
308,docs.statsig.com/pulse
305,docs.statsig.com/guides/serverless/
305,docs.statsig.com/product-analytics/funnels
305,docs.statsig.com/holdouts
304,docs.statsig.com/integrations/data-exports/overview
303,docs.statsig.com/stats-engine/p-value/
303,docs.statsig.com/product-analytics/drilldown/
303,docs.statsig.com/client/javascript-sdk/migrating-from-statsig-js
302,docs.statsig.com/multi-armed-bandit/
301,docs.statsig.com/pulse/custom-queries/
301,docs.statsig.com/experiments-plus/sequential-testing
298,docs.statsig.com/metrics/how-metrics-work/
297,docs.statsig.com/pulse/read-pulse
297,docs.statsig.com/client/jsLocalEvaluationSDK/
296,docs.statsig.com/feature-flags/bots/
296,docs.statsig.com/guides/migrate-from-launchdarkly/
296,docs.statsig.com/stats-engine/metric-deltas/
296,docs.statsig.com/metrics/user/
293,docs.statsig.com/statsig-warehouse-native/features/types-of-experiments/
290,docs.statsig.com/integrations/data-connectors/amplitude/
289,docs.statsig.com/session-replay/configure/
287,docs.statsig.com/client/dartSDK/
287,docs.statsig.com/console-api/dynamic_configs/
285,docs.statsig.com/ai-ml/ai-prompt-experiment
282,docs.statsig.com/reliability-faqs/
282,docs.statsig.com/stats-engine/methodologies/bonferroni-correction/
281,docs.statsig.com/server-core/legacy-sdks
280,docs.statsig.com/access-management/scim/okta_scim/
279,docs.statsig.com/client/deprecated/jsClientSDK/
278,docs.statsig.com/statsig-warehouse-native/configuration/metrics
278,docs.statsig.com/statsig-warehouse-native/data-privacy/
277,docs.statsig.com/templates/templates/
275,docs.statsig.com/server-core/java-core
274,docs.statsig.com/guides/experimentation-program/
273,docs.statsig.com/experiments-plus/implement/
272,docs.statsig.com/guides/production/
272,docs.statsig.com/statsig-warehouse-native/features/cohort-metrics/
272,docs.statsig.com/integrations/data-connectors/google-analytics/
271,docs.statsig.com/data-warehouse-ingestion/databricks/
271,docs.statsig.com/statsig-warehouse-native/connecting-your-warehouse/databricks/
270,docs.statsig.com/experiments-plus/stratified-sampling
270,docs.statsig.com/metrics/pulse
269,docs.statsig.com/server-core/python-core
268,docs.statsig.com/integrations/data-connectors/mixpanel/
266,docs.statsig.com/product-analytics/dashboards
266,docs.statsig.com/stats-engine/variance/
266,docs.statsig.com/segments/add-rule
266,docs.statsig.com/client/javascript-sdk/migrating-from-statsig-react
265,docs.statsig.com/stats-engine/methodologies/srm-checks/
265,docs.statsig.com/console-api/keys/
264,docs.statsig.com/compliance/user_data_deletion_requests/
264,docs.statsig.com/experiments-plus/differential-impact-detection/
262,docs.statsig.com/statsig-warehouse-native/configuration/dimensional-analysis/
261,docs.statsig.com/guides/aa-test/
261,docs.statsig.com/metrics/user-property/
260,docs.statsig.com/metrics/metrics-from-events/
260,docs.statsig.com/pulse/user_properties
260,docs.statsig.com/console-api/rules/
260,docs.statsig.com/console-api/segments
259,docs.statsig.com/sdks/sdks-overview/
258,docs.statsig.com/segments/create-new
257,docs.statsig.com/guides/sidecar-experiments/publishing-experiments
256,docs.statsig.com/contextual-bandit
256,docs.statsig.com/multi-armed-bandit
256,docs.statsig.com/statsig-warehouse-native/metrics/count/
255,docs.statsig.com/metrics/precomputed-metrics
254,docs.statsig.com/statsig-warehouse-native/guides/forwarded-data
254,docs.statsig.com/access-management/scim/overview/
253,docs.statsig.com/statsig-warehouse-native/metrics/sum/
250,docs.statsig.com/metrics/console
250,docs.statsig.com/infrastructure/introduction
249,docs.statsig.com/stats-engine/variance
248,docs.statsig.com/statsig-warehouse-native/metrics/retention/
246,docs.statsig.com/experiments-plus/overrides
245,docs.statsig.com/server/nodejsServerSDK/upgrade_guide/v5ToV6/
245,docs.statsig.com/stats-engine/confidence-intervals
244,docs.statsig.com/client/javascript-sdk/Angular/
244,docs.statsig.com/experiments-plus/abandon/
243,docs.statsig.com/integrations/datadog/
243,docs.statsig.com/metrics/different-id/
242,docs.statsig.com/guides/webflow-sidecar-ab-test/
240,docs.statsig.com/server/deprecation-notices/
239,docs.statsig.com/data-warehouse-ingestion/snowflake/
237,docs.statsig.com/statsig-warehouse-native/guides/forwarded-data/
236,docs.statsig.com/statsig-warehouse-native/guides/running_a_poc/
234,docs.statsig.com/messages/serverSDKConnection/
233,docs.statsig.com/server/rustSDK/
233,docs.statsig.com/statsig-warehouse-native/guides/quick-start
233,docs.statsig.com/statsig-warehouse-native/features/entity-properties/
232,docs.statsig.com/guides/sidecar-experiments/publishing-experiments/
230,docs.statsig.com/console-api/users
230,docs.statsig.com/autotune/setup/
230,docs.statsig.com/access-management/teams/
229,docs.statsig.com/product-analytics/retention/
229,docs.statsig.com/client/deprecated/reactNativeSDK/
228,docs.statsig.com/statsig-warehouse-native/configuration/entity-properties/
226,docs.statsig.com/metrics/archiving-metrics/
226,docs.statsig.com/statsig-warehouse-native/connecting-your-warehouse/bigquery/
225,docs.statsig.com/developer-guides/feature-flags-in-python/
224,docs.statsig.com/product-analytics/funnels/
223,docs.statsig.com/infrastructure/statsig_ip_ranges/
223,docs.statsig.com/guides/landing-page-experiments/setup/
223,docs.statsig.com/metrics/metric-dimensions
222,docs.statsig.com/statsig-warehouse-native/metrics/count-distinct/
221,docs.statsig.com/metrics/precomputed-metrics/
221,docs.statsig.com/guides/statsig-id-resolver/
221,docs.statsig.com/stats-engine/p-value
221,docs.statsig.com/metrics/user-property
220,docs.statsig.com/statsig-warehouse-native/guides/quick-start/
220,docs.statsig.com/metrics/create-metric-tags/
218,docs.statsig.com/statsigcli/commands
218,docs.statsig.com/dynamic-config/working-with/
217,docs.statsig.com/product-analytics/user-journeys
216,docs.statsig.com/guides/experiments/
215,docs.statsig.com/search
215,docs.statsig.com/console-api/layers/
215,docs.statsig.com/statsig-warehouse-native/configuration/assignment-sources
215,docs.statsig.com/statsig-warehouse-native/configuration/data-and-semantic-layer
215,docs.statsig.com/client/dotnetSDK/
213,docs.statsig.com/statsig-warehouse-native/guides/running_a_poc
209,docs.statsig.com/console-api/segments/
208,docs.statsig.com/experiments-plus/differential-impact-detection
208,docs.statsig.com/statsigcli
208,docs.statsig.com/client/js-on-device-eval-client
207,docs.statsig.com/metrics/console/
207,docs.statsig.com/guides/fomo/
206,docs.statsig.com/guides/first-segment/
206,docs.statsig.com/statsig-warehouse-native/configuration/semantic-layer-sync/
205,docs.statsig.com/integrations/terraform/introduction/
203,docs.statsig.com/client/javascript-sdk/expo
203,docs.statsig.com/experiments-plus/conclude-experiment-defer-decision/
203,docs.statsig.com/guides/cms-integrations/
202,docs.statsig.com/statsig-warehouse-native/native-vs-cloud/
201,docs.statsig.com/experiments-plus/rules/
201,docs.statsig.com/statsig-warehouse-native/features/use-case/
201,docs.statsig.com/server/concepts/persistent_assignment
200,docs.statsig.com/statsig-warehouse-native/metrics/unit-count-once/
200,docs.statsig.com/statsig-warehouse-native/configuration/query-tools/
198,docs.statsig.com/access-management/scim/okta_scim
198,docs.statsig.com/server/concepts/data_store
198,docs.statsig.com/client/js-on-device-eval-client/react-native/
198,docs.statsig.com/segments/add-id-list
197,docs.statsig.com/metrics/custom-dau
197,docs.statsig.com/developer-guides/abtest-in-javascript/
192,docs.statsig.com/guides/first-holdout/
191,docs.statsig.com/statsig-warehouse-native/guides/connect/
191,docs.statsig.com/integrations/data-connectors/heap/
191,docs.statsig.com/integrations/event_webhook
190,docs.statsig.com/stats-engine/variance_reduction
190,docs.statsig.com/pulse/user_properties/
190,docs.statsig.com/client/unitySDK/
189,docs.statsig.com/autotune/setup
189,docs.statsig.com/sdk_monitoring/
188,docs.statsig.com/data-warehouse-ingestion/bigquery/
188,docs.statsig.com/client/js-on-device-eval-client/using-evaluations-data-adapter/
187,docs.statsig.com/integrations/data-connectors/rudderstack/
187,docs.statsig.com/product-analytics/retention
187,docs.statsig.com/segments/implement
186,docs.statsig.com/developer-guides/feature-flags-in-android/
186,docs.statsig.com/statsig-warehouse-native/connecting-your-warehouse/snowflake
186,docs.statsig.com/guides/sendgrid-email-abtest/
186,docs.statsig.com/client/swiftOnDeviceEvaluationSDK/
183,docs.statsig.com/client/cpp-client-sdk/
183,docs.statsig.com/statsig-warehouse-native/metrics/funnel/
183,docs.statsig.com/statsig-warehouse-native/features/reloads/
182,docs.statsig.com/experiments-plus/reconciling-experiment-results/
181,docs.statsig.com/guides/synchronized-launch/
180,docs.statsig.com/client/html-snippet/
180,docs.statsig.com/integrations/github_code_references/
179,docs.statsig.com/access-management/sso/okta_sso/
178,docs.statsig.com/statsig-warehouse-native/configuration/qualifying-events/
177,docs.statsig.com/guides/landing-page-experiments/layers/
176,docs.statsig.com/console-api/audit_logs/
176,docs.statsig.com/session-replay/watch
176,docs.statsig.com/search/
175,docs.statsig.com/statsig-warehouse-native/features/reloads
174,docs.statsig.com/client/concepts/persistent_assignment
174,docs.statsig.com/insights
174,docs.statsig.com/metrics/pulse/
173,docs.statsig.com/metrics/local-metrics
172,docs.statsig.com/metrics/ingest/
172,docs.statsig.com/guides/serverless
172,docs.statsig.com/statsig-warehouse-native/guides/connect
171,docs.statsig.com/statsig-warehouse-native/features/funnel-metrics/
171,docs.statsig.com/pulse/best-faq/
171,docs.statsig.com/developer-guides/feature-flags-in-react/
170,docs.statsig.com/statsig-warehouse-native/metrics/percentile/
170,docs.statsig.com/triggers/introduction/
170,docs.statsig.com/client/androidOnDeviceEvaluationSDK/
170,docs.statsig.com/guides/customer-io-email-abtest/
169,docs.statsig.com/statsig-warehouse-native/data-privacy
169,docs.statsig.com/statsig-warehouse-native/guides/pulse/
168,docs.statsig.com/guides/python-flask-feature-flags/
168,docs.statsig.com/metrics/custom-dau/
168,docs.statsig.com/product-analytics/distribution
167,docs.statsig.com/integrations/jira/
167,docs.statsig.com/metrics/autogenerated/
167,docs.statsig.com/guides/email-campaign-test/
166,docs.statsig.com/client/javascript-sdk/examples/
166,docs.statsig.com/metrics/verified
166,docs.statsig.com/experiments-plus/disable-group/
165,docs.statsig.com/guides/experimentation-program
164,docs.statsig.com/statsig-warehouse-native/configuration/dimensional-analysis
163,docs.statsig.com/access-management/organizations/
163,docs.statsig.com/guides/config-history/
163,docs.statsig.com/guides/landing-page-experiments/introduction/
163,docs.statsig.com/experiments-plus/ending-experiment
163,docs.statsig.com/statsig-warehouse-native/guides/best-practices
162,docs.statsig.com/product-analytics/user-journeys/
162,docs.statsig.com/custom_proxy
161,docs.statsig.com/metrics/create-user-funnels
161,docs.statsig.com/stats-engine/offlineaa/
160,docs.statsig.com/statsig-warehouse-native/connecting-your-warehouse/athena/
160,docs.statsig.com/data-warehouse-ingestion/redshift/
160,docs.statsig.com/org-admin/gates_policy/
160,docs.statsig.com/statsig-warehouse-native/features/configure-an-experiment
160,docs.statsig.com/guides/running-a-poc
160,docs.statsig.com/experiments-plus/stop-assignments
159,docs.statsig.com/statsig-warehouse-native/features/power-analysis/
159,docs.statsig.com/server/rubySDK
159,docs.statsig.com/guides/landing-page-experiments/webflow/
158,docs.statsig.com/statsig-warehouse-native/metrics/latest-value/
158,docs.statsig.com/guides/sidecar-experiments/integrating-gtm
158,docs.statsig.com/dynamic-config/add-rule/
157,docs.statsig.com/statsig-warehouse-native/connecting-your-warehouse/bigquery
157,docs.statsig.com/developer-guides/feature-flags-in-nodejs/
157,docs.statsig.com/integrations/openai/
156,docs.statsig.com/product-analytics/alerts/
156,docs.statsig.com/stats-engine/pre-experiment-bias
156,docs.statsig.com/developer-guides/feature-flags-in-java/
155,docs.statsig.com/statsig-warehouse-native/features/filtering-exposures/
155,docs.statsig.com/pulse/drill-down
155,docs.statsig.com/experimentation/meta-analysis
154,docs.statsig.com/integrations/event_filtering/
154,docs.statsig.com/compliance/introduction/
153,docs.statsig.com/statsig-warehouse-native/configuration/entity-properties
152,docs.statsig.com/experiments-plus/bayesian
152,docs.statsig.com/guides/python-flask-abtests/
152,docs.statsig.com/compliance/introduction
151,docs.statsig.com/console-api/users/
151,docs.statsig.com/guides/node-express-feature-flags/
151,docs.statsig.com/users
151,docs.statsig.com/statsig-warehouse-native/features/statistics/
150,docs.statsig.com/metrics/101/
150,docs.statsig.com/console-api/layers
150,docs.statsig.com/autotune/monitoring/
148,docs.statsig.com/azureai/introduction/
148,docs.statsig.com/statsig-warehouse-native/metrics/mean/
146,docs.statsig.com/statsig-warehouse-native/features/roles-and-access/
146,docs.statsig.com/metrics/verified/
145,docs.statsig.com/server/deprecation-notices
145,docs.statsig.com/integrations/event_filtering
145,docs.statsig.com/stats-engine/methodologies/cuped
145,docs.statsig.com/server/phpSDK
144,docs.statsig.com/statsig-warehouse-native/native-vs-cloud
143,docs.statsig.com/client/rokuSDK/
143,docs.statsig.com/statsig-warehouse-native/metrics/normalized-metrics/
142,docs.statsig.com/access-management/introduction/
142,docs.statsig.com/users/profiles/
140,docs.statsig.com/integrations/gtm
140,docs.statsig.com/metrics/health-checks/
140,docs.statsig.com/metrics/user
140,docs.statsig.com/statsig-warehouse-native/metrics/unit-count-window/
139,docs.statsig.com/statsig-warehouse-native/configuration/tags-and-teams/
139,docs.statsig.com/developer-guides/feature-flags-in-rust/
138,docs.statsig.com/server/dotnetSDK
138,docs.statsig.com/statsig-warehouse-native/features/mex-on-warehouse-native
138,docs.statsig.com/integrations/data-connectors/mparticle/
138,docs.statsig.com/statsig-warehouse-native/metrics/unit-count-rate/
138,docs.statsig.com/experiments-plus/conclude-experiment-defer-decision
137,docs.statsig.com/statsig-warehouse-native/guides/AATest/
137,docs.statsig.com/statsig-warehouse-native/connecting-your-warehouse/redshift/
136,docs.statsig.com/integrations/data-connectors/fivetran/
136,docs.statsig.com/console-api/all-endpoints/
135,docs.statsig.com/console-api/audit_logs
135,docs.statsig.com/data-warehouse-ingestion/faq/
135,docs.statsig.com/product-analytics/distribution/
135,docs.statsig.com/statsig-warehouse-native/metrics/unit-count-once
135,docs.statsig.com/console-api/ingestions/
134,docs.statsig.com/statsig-warehouse-native/metrics/log/
134,docs.statsig.com/guides/framer-analytics/
134,docs.statsig.com/statsig-warehouse-native/features/early-diagnostics/
133,docs.statsig.com/guides/uptime/
133,docs.statsig.com/guides/open-source-script/
133,docs.statsig.com/guides/sidecar-experiments/integrating-gtm/
133,docs.statsig.com/statsig-warehouse-native/features/reports/
133,docs.statsig.com/developer-guides/feature-flags-in-swift/
132,docs.statsig.com/statsig-warehouse-native/guides/sql/
132,docs.statsig.com/client/concepts/local-eval-adapter/
131,docs.statsig.com/console-api/daily-reports
131,docs.statsig.com/sdks/group-name-breaking-change-02-2024/
131,docs.statsig.com/infrastructure/api_proxy/introduction
130,docs.statsig.com/stats-engine/methodologies/bonferroni-correction
129,docs.statsig.com/experiments-plus/interaction-detection
129,docs.statsig.com/statsig-warehouse-native/features/autotune/
129,docs.statsig.com/guides/aa-sidecar
129,docs.statsig.com/developer-guides/abtest-in-nodejs/
129,docs.statsig.com/azureai/introduction
129,docs.statsig.com/server/nodejsServerSDK/upgrade_guide/v5ToV6
129,docs.statsig.com/server/cppSDK/
129,docs.statsig.com/data-warehouse-ingestion/s3/
128,docs.statsig.com/console-api/holdouts
128,docs.statsig.com/server/concepts/all-assignments/
128,docs.statsig.com/experiments-plus/switchback-tests
128,docs.statsig.com/data-warehouse-ingestion/bigquery
128,docs.statsig.com/developer-guides/abtest-in-python/
127,docs.statsig.com/autotune/monitoring
127,docs.statsig.com/metrics/metric-alerts
127,docs.statsig.com/console-api/usage-billing/
126,docs.statsig.com/statsig-warehouse-native/metrics/sum
126,docs.statsig.com/server/concepts/user/
126,docs.statsig.com/statsig-warehouse-native/configuration/data-and-semantic-layer/
125,docs.statsig.com/statsigcli/
125,docs.statsig.com/guides/ui-based-tool/
125,docs.statsig.com/integrations/terraform/terraform_experiment/
125,docs.statsig.com/console-api/rules
125,docs.statsig.com/metrics/create-metric-tags
124,docs.statsig.com/azureai/running-experiments/
123,docs.statsig.com/segments/create-new/
123,docs.statsig.com/dynamic-config/enforce-schema/
123,docs.statsig.com/access-management/sso/azuread/
123,docs.statsig.com/metrics/create-user-flows/
122,docs.statsig.com/dynamic-config/create-new/
122,docs.statsig.com/data-warehouse-ingestion/snowflake
122,docs.statsig.com/console-api/autotunes/
122,docs.statsig.com/dynamic-config/implement/
121,docs.statsig.com/metrics/health-checks
121,docs.statsig.com/statsig-warehouse-native/guides/debugging/
121,docs.statsig.com/integrations/akamai/
121,docs.statsig.com/stats-engine/methodologies/benjamini%E2%80%93hochberg-procedure
121,docs.statsig.com/integrations/data-connectors/census/
120,docs.statsig.com/guides/cdn-edge-testing
120,docs.statsig.com/segments/add-rule/
120,docs.statsig.com/console-api/holdouts/
119,docs.statsig.com/infrastructure/managed-proxy
119,docs.statsig.com/access-management/sso/overview
118,docs.statsig.com/stats-engine/topline-impact
116,docs.statsig.com/integrations/openai
116,docs.statsig.com/developer-guides/feature-flags-in-javascript/
116,docs.statsig.com/console-api/target-apps/
115,docs.statsig.com/guides/node-express-abtests/
115,docs.statsig.com/guides/contentful/
115,docs.statsig.com/console-api/exposure-count
115,docs.statsig.com/statsig-warehouse-native/features/mex-on-warehouse-native/
115,docs.statsig.com/statsig-warehouse-native/guides/sdks/
114,docs.statsig.com/integrations/data-connectors/hightouch/
114,docs.statsig.com/data-warehouse-ingestion/athena/
114,docs.statsig.com/statsig-warehouse-native/features/other-features
114,docs.statsig.com/server/erlangSDK/
113,docs.statsig.com/metrics/autogenerated
113,docs.statsig.com/experiments-plus/abandon
112,docs.statsig.com/pulse/best-practices/
112,docs.statsig.com/experiments-plus/reconciling-experiment-results
111,docs.statsig.com/data-warehouse-ingestion/data_mapping
111,docs.statsig.com/integrations/vscode/
110,docs.statsig.com/access-management/scim/scim-endpoints/
109,docs.statsig.com/infrastructure/api_proxy/introduction/
108,docs.statsig.com/client/concepts/user/
108,docs.statsig.com/infrastructure/introduction/
108,docs.statsig.com/pulse/custom-queries
108,docs.statsig.com/access-management/introduction
107,docs.statsig.com/integrations/data-imports/snowflake/
107,docs.statsig.com/guides/production
107,docs.statsig.com/guides/use-statsig-for-analytics-only/
106,docs.statsig.com/guides/frameworks/
104,docs.statsig.com/stats-engine/methodologies/delta-method
103,docs.statsig.com/statsig-warehouse-native/metrics/count
103,docs.statsig.com/integrations/triggers/datadog/
103,docs.statsig.com/access-management/scim/overview
102,docs.statsig.com/console-api/events/
102,docs.statsig.com/statsig-warehouse-native/guides/assignment-sources/
101,docs.statsig.com/azureai/model-client/
101,docs.statsig.com/guides/landing-page-experiments/introduction
100,docs.statsig.com/statsig-warehouse-native/configuration/console-api/
100,docs.statsig.com/guides/aa-test
100,docs.statsig.com/integrations/datadog
99,docs.statsig.com/statsig-warehouse-native/metrics/unit-count-window
99,docs.statsig.com/segments/implement/
99,docs.statsig.com/integrations/terraform/terraform_gate/
98,docs.statsig.com/statsig-warehouse-native/guides/sdks
98,docs.statsig.com/azureai/getting-started/
98,docs.statsig.com/statsig-warehouse-native/guides/checklist/
98,docs.statsig.com/client/deprecated/reactSDK
97,docs.statsig.com/access-management/scim/concepts
97,docs.statsig.com/experimentation/statsig-lite/
97,docs.statsig.com/integrations/slack
97,docs.statsig.com/statsig-warehouse-native/guides/cloud2whn/
97,docs.statsig.com/metrics/deprecate-event-dau
96,docs.statsig.com/console-api/exposure-count/
96,docs.statsig.com/integrations/data-connectors/stitch/
96,docs.statsig.com/guides/sendgrid-email-abtest
96,docs.statsig.com/guides/email-campaign-test
96,docs.statsig.com/client/deprecated/reactNativeExpoSDK/
96,docs.statsig.com/statsig-warehouse-native/features/metric-reloads/
95,docs.statsig.com/access-management/sso/google/
95,docs.statsig.com/messages/serverRequiredUserID/
94,docs.statsig.com/access-management/tags/
94,docs.statsig.com/statsig-warehouse-native/connecting-your-warehouse/scheduled-reloads/
94,docs.statsig.com/statsig-warehouse-native/features/other-features/
94,docs.statsig.com/data-warehouse-ingestion/synapse/
94,docs.statsig.com/statsig-warehouse-native/features/id-resolution
94,docs.statsig.com/access-management/scim/concepts/
94,docs.statsig.com/integrations/data-connectors/segment
93,docs.statsig.com/integrations/cloudflare
93,docs.statsig.com/stats-engine/methodologies/srm-checks
93,docs.statsig.com/statsig-warehouse-native/guides/experiments/
93,docs.statsig.com/integrations/vercel
93,docs.statsig.com/guides/aa-sidecar/
92,docs.statsig.com/statsig-warehouse-native/connecting-your-warehouse/databricks
92,docs.statsig.com/azureai/running-experiments
92,docs.statsig.com/server/concepts/user
92,docs.statsig.com/statsig-warehouse-native/features/targeting
92,docs.statsig.com/console-api/tags/
92,docs.statsig.com/integrations/data-imports/bigquery/
92,docs.statsig.com/server/concepts/forward_proxy
91,docs.statsig.com/infrastructure/statsig_ip_ranges
91,docs.statsig.com/guides/landing-page-experiments/interpreting/
91,docs.statsig.com/statsig-warehouse-native/guides/dummy_evaluation/
91,docs.statsig.com/session-replay/watch/
91,docs.statsig.com/statsig-warehouse-native/features/full-reloads/
91,docs.statsig.com/metrics/deprecate-event-dau/
91,docs.statsig.com/guides/cms-integrations
91,docs.statsig.com/integrations/data-imports/overview/
91,docs.statsig.com/client/deprecated/jsClientSDK
91,docs.statsig.com/metrics/hierarchical-id/
90,docs.statsig.com/org-admin/experiment_policy/
90,docs.statsig.com/statsig-warehouse-native/data-sources/
90,docs.statsig.com/integrations/data-connectors/revenuecat/
89,docs.statsig.com/statsig-warehouse-native/features/types-of-experiments
89,docs.statsig.com/azureai/capturing-metrics/
89,docs.statsig.com/statsig-warehouse-native/configuration/qualifying-events
88,docs.statsig.com/guides/statsig-id-resolver
88,docs.statsig.com/statsigcli/gate-management/
88,docs.statsig.com/access-management/projects
88,docs.statsig.com/pulse/export
88,docs.statsig.com/console-api/keys
87,docs.statsig.com/statsig-warehouse-native/features/incremental-reloads/
87,docs.statsig.com/metrics/different-id
86,docs.statsig.com/sdk-keys/target-apps
86,docs.statsig.com/statsig-warehouse-native/metrics/unit-count-latest/
86,docs.statsig.com/integrations/data-imports/redshift/
85,docs.statsig.com/statsig-warehouse-native/guides/AATest
85,docs.statsig.com/console-api/target-apps
85,docs.statsig.com/statsig-warehouse-native/guides/dummy_evaluation
85,docs.statsig.com/statsigcli/gate-management
85,docs.statsig.com/statsigcli/commands/
84,docs.statsig.com/integrations/data-imports/azure-upload/
83,docs.statsig.com/sdks/pagination-params-breaking-change-08-2024/
82,docs.statsig.com/azureai/completions/
82,docs.statsig.com/developer-guides/abtest-in-rust/
82,docs.statsig.com/console-api/snippets/conditions/
82,docs.statsig.com/integrations/terraform/introduction
81,docs.statsig.com/client/swiftOnDeviceEvaluationSDK
81,docs.statsig.com/access-management/discussions/
80,docs.statsig.com/console-api/ingestions
80,docs.statsig.com/statsig-warehouse-native/metrics/count-distinct
80,docs.statsig.com/pulse/best-practices
79,docs.statsig.com/using-bandits/
79,docs.statsig.com/statsig-warehouse-native/features/use-case
79,docs.statsig.com/data-warehouse-ingestion/faq
79,docs.statsig.com/integrations/data-connectors/google-analytics
78,docs.statsig.com/access-management/organizations
77,docs.statsig.com/console/accessManagement/sso/okta_sso/
77,docs.statsig.com/integrations/vscode
77,docs.statsig.com/azureai/embeddings/
77,docs.statsig.com/org-admin/organization_policies/
76,docs.statsig.com/metrics/301/
76,docs.statsig.com/console-api/autotunes
76,docs.statsig.com/client/js-on-device-eval-client/migrating-from-js-local-eval/
76,docs.statsig.com/client/dartSDK
76,docs.statsig.com/compliance/user_data_deletion_requests
76,docs.statsig.com/integrations/data-connectors/amplitude
75,docs.statsig.com/console-api/daily-reports-deprecated/
75,docs.statsig.com/statsig-warehouse-native/features/reports
74,docs.statsig.com/client/concepts/bootstrapping/
74,docs.statsig.com/guides/private-attributes
73,docs.statsig.com/integrations/terraform/terraform_gate
73,docs.statsig.com/developer-guides/feature-flags-in-ruby/
72,docs.statsig.com/console-api/usage-billing
72,docs.statsig.com/client/javascript-sdk/Angular
72,docs.statsig.com/statsig-warehouse-native/features/autotune
71,docs.statsig.com/statsig-warehouse-native/pipeline-overview
71,docs.statsig.com/tags/
70,docs.statsig.com/server-core/legacy-sdks/
70,docs.statsig.com/console-api/tags
70,docs.statsig.com/tags/statsig-cloud/
69,docs.statsig.com/integrations/snippets/integration_event_formats/
69,docs.statsig.com/access-management/teams
69,docs.statsig.com/metrics/201/
68,docs.statsig.com/guides/guides_overview/
68,docs.statsig.com/experiments-plus/experimentation/best-practices/
68,docs.statsig.com/guides/migrate-from-launchdarkly
67,docs.statsig.com/sdks/array-operators/
67,docs.statsig.com/users/profiles
67,docs.statsig.com/metrics/archiving-metrics
67,docs.statsig.com/access-management/sso/okta_sso
66,docs.statsig.com/statsig-warehouse-native/features/power-analysis
66,docs.statsig.com/guides/webflow-sidecar-ab-test
65,docs.statsig.com/integrations/snippets/integration_statsig_env_format/
65,docs.statsig.com/guides/shopify-ab-test
65,docs.statsig.com/sdk-keys/api-keys
65,docs.statsig.com/integrations/snippets/stitch_event_formats/
65,docs.statsig.com/statsig-warehouse-native/metrics/funnel
65,docs.statsig.com/statsig-warehouse-native/metrics/mean
65,docs.statsig.com/infrastructure/statsig_domains
64,docs.statsig.com/server/phpCoreSDK/
64,docs.statsig.com/statsig-warehouse-native/features/full-reloads
64,docs.statsig.com/azureai/model-client
63,docs.statsig.com/statsig-warehouse-native/guides/metric_sources/
63,docs.statsig.com/statsig-warehouse-native/connecting-your-warehouse/athena
63,docs.statsig.com/stats-engine/methodologies/one-sided-test
63,docs.statsig.com/statsig-warehouse-native/guides/reading_pulse/
63,docs.statsig.com/org-admin/organization_policies
63,docs.statsig.com/integrations/github_code_references
63,docs.statsig.com/client/javascript-sdk/using-evaluations-data-adapter
62,docs.statsig.com/statsig-warehouse-native/features/filtering-exposures
62,docs.statsig.com/stats-engine/methodologies/winsorization
62,docs.statsig.com/client/Templates/
62,docs.statsig.com/stats-engine/offlineaa
62,docs.statsig.com/guides/experiment-analysis/
62,docs.statsig.com/statsig-warehouse-native/metrics/ratio
62,docs.statsig.com/triggers/introduction
61,docs.statsig.com/statsig-warehouse-native/configuration/semantic-layer-sync
61,docs.statsig.com/guides/setting-up-reviews
61,docs.statsig.com/access-management/scim/scim-endpoints
60,docs.statsig.com/experiments-plus/disable-group
60,docs.statsig.com/client/dotnetSDK
59,docs.statsig.com/statsig-warehouse-native/connecting-your-warehouse/redshift
59,docs.statsig.com/statsig-warehouse-native/metrics/latest-value
59,docs.statsig.com/using-bandits
59,docs.statsig.com/server/Templates/
58,docs.statsig.com/guides/ui-based-tool
58,docs.statsig.com/statsig-warehouse-native/guides/scaling/
58,docs.statsig.com/data-warehouse-ingestion/redshift
58,docs.statsig.com/statsig-warehouse-native/configuration/query-tools
58,docs.statsig.com/server/rustSDK
58,docs.statsig.com/statsig-warehouse-native/metrics/percentile
57,docs.statsig.com/feature-flags/bots
57,docs.statsig.com/dynamic-config/implement
57,docs.statsig.com/guides/landing-page-experiments/setup
57,docs.statsig.com/experimentation/quality-score
56,docs.statsig.com/data-warehouse-ingestion/s3
56,docs.statsig.com/reliability-faqs
55,docs.statsig.com/statsig-warehouse-native/metrics/unit-count-latest
55,docs.statsig.com/guides/first-segment
55,docs.statsig.com/client/concepts/local-eval-adapter
55,docs.statsig.com/statsig-warehouse-native/configuration/tags-and-teams
55,docs.statsig.com/pulse/best-faq
55,docs.statsig.com/client/cpp-client-sdk
55,docs.statsig.com/statsig-warehouse-native/metrics/unit-count-rate
54,docs.statsig.com/statsig-warehouse-native/features/roles-and-access
54,docs.statsig.com/guides/sidecar-experiments/advanced-configurations
53,docs.statsig.com/client/js-on-device-eval-client/react-native
53,docs.statsig.com/integrations/terraform/terraform_experiment
53,docs.statsig.com/statsig-warehouse-native/features/early-diagnostics
52,docs.statsig.com/statsig-warehouse-native/features/incremental-reloads
52,docs.statsig.com/statsig-warehouse-native/configuration/console-api
52,docs.statsig.com/guides/uptime
52,docs.statsig.com/guides/open-source-script
51,docs.statsig.com/aggregated-impact/
51,docs.statsig.com/azureai/getting-started
51,docs.statsig.com/statsig-warehouse-native/features/metric-reloads
51,docs.statsig.com/guides/customer-io-email-abtest
50,docs.statsig.com/client/javascript-sdk/react/init-strategies
50,docs.statsig.com/client/js-on-device-eval-client/migrating-from-js-local-eval
50,docs.statsig.com/templates/templates
50,docs.statsig.com/server-core/Templates/
49,docs.statsig.com/guides/sidecar-experiments/advanced-configurations/
49,docs.statsig.com/statsig-warehouse-native/metrics/normalized-metrics
49,docs.statsig.com/integrations/fastly
49,docs.statsig.com/statsig-warehouse-native/connecting-your-warehouse/scheduled-reloads
48,docs.statsig.com/org-admin/experiment_policy
47,docs.statsig.com/data-warehouse-ingestion/databricks
45,docs.statsig.com/integrations/data-connectors/mixpanel
44,docs.statsig.com/statsig-warehouse-native/features/statistics
44,docs.statsig.com/integrations/jira
42,docs.statsig.com/access-management/discussions
42,docs.statsig.com/guides/framer-analytics
42,docs.statsig.com/azureai/completions
41,docs.statsig.com/client/js-on-device-eval-client/using-evaluations-data-adapter
41,docs.statsig.com/integrations/data-connectors/census
40,docs.statsig.com/statsig-warehouse-native/metrics/retention
40,docs.statsig.com/data-warehouse-ingestion/athena
38,docs.statsig.com/access-management/sso/azuread
38,docs.statsig.com/integrations/triggers/datadog
37,docs.statsig.com/misc/reaching_team_statsig/
37,docs.statsig.com/statsig-warehouse-native/features/monitor-an-experiment
37,docs.statsig.com/org-admin/gates_policy
36,docs.statsig.com/server-core/elixir-core/
35,docs.statsig.com/server/cppSDK
35,docs.statsig.com/aggregated-impact
34,docs.statsig.com/metrics/rollout-alerts/
33,docs.statsig.com/client/deprecated/reactNativeSDK
33,docs.statsig.com/access-management/tags
32,docs.statsig.com/product-analytics/alerts
32,docs.statsig.com/guides/node-express-feature-flags
31,docs.statsig.com/access-management/scim/okta_scim_team_management/
31,docs.statsig.com/azureai/embeddings
30,docs.statsig.com/misc/opinionated_goals/
30,docs.statsig.com/integrations/data-connectors/fivetran
30,docs.statsig.com/guides/config-history
29,docs.statsig.com/statsig-warehouse-native/guides/sql
29,docs.statsig.com/statsig-warehouse-native/guides/debugging
29,docs.statsig.com/access-management/scim/okta_scim_org_roles/
29,docs.statsig.com/statsig-warehouse-native/guides/checklist
27,docs.statsig.com/sdk_monitoring
27,docs.statsig.com/client/unitySDK
27,docs.statsig.com/access-management/scim/okta_scim_troubleshooting/
26,docs.statsig.com/guides/landing-page-experiments/interpreting
26,docs.statsig.com/experiments-plus/overrides%7Coverride
26,docs.statsig.com/access-management/sso/google
26,docs.statsig.com/access-management/scim/okta_scim_setup/
26,docs.statsig.com/statsig-warehouse-native/metrics/log
26,docs.statsig.com/azureai/capturing-metrics
26,docs.statsig.com/client/androidOnDeviceEvaluationSDK
26,docs.statsig.com/access-management/scim/okta_scim_user_management/
25,docs.statsig.com/client/jsLocalEvaluationSDK
25,docs.statsig.com/client/introduction
24,docs.statsig.com/client/deprecated/reactNativeExpoSDK
24,docs.statsig.com/guides/landing-page-experiments/layers
23,docs.statsig.com/statsig-warehouse-native/metrics/max-min/
23,docs.statsig.com/integrations/data-connectors/rudderstack
23,docs.statsig.com/console-api/daily-reports-deprecated
22,docs.statsig.com/guides/sidecar-experiments/introduction/setup
22,docs.statsig.com/integrations/data-imports/overview
21,docs.statsig.com/guides/landing-page-experiments/webflow
21,docs.statsig.com/server/erlangSDK
20,docs.statsig.com/statsig-warehouse-native/guides/metric-sources
20,docs.statsig.com/integrations/data-imports/bigquery
19,docs.statsig.com/metrics/directionality/
19,docs.statsig.com/integrations/data-connectors/heap
18,docs.statsig.com/metrics/directionality
18,docs.statsig.com/server/concepts/sdk_monitoring
18,docs.statsig.com/integrations/akamai
18,docs.statsig.com/guides/node-express-abtests
18,docs.statsig.com/client/introduction/javascript-sdk
18,docs.statsig.com/data-warehouse-ingestion/synapse
17,docs.statsig.com/statsig-warehouse-native/features/funnel-metrics
17,docs.statsig.com/events-explorer
17,docs.statsig.com/integrations/data-connectors/revenuecat
17,docs.statsig.com/client/concepts/user
16,docs.statsig.com/integrations/data-connectors/hightouch
16,docs.statsig.com/guides/contentful
16,docs.statsig.com/server/concepts/sdk_monitoring/
16,docs.statsig.com/autotune/contextual/introduction/
16,docs.statsig.com/integrations/data-connectors/mparticle
16,docs.statsig.com/bandit-introduction
16,docs.statsig.com/experiments-plus/experimentation/best-practices
16,docs.statsig.com/messages/serverRequiredUserID
15,docs.statsig.com/metrics/rollout-alerts
15,docs.statsig.com/client/rokuSDK
15,docs.statsig.com/stats-engine/methodologies/winsorization_variants/warehouse/
15,docs.statsig.com/experiments-plus/experimentation/choosing-randomization-unit/
15,docs.statsig.com/experimentation/statsig-lite
14,docs.statsig.com/autotune/contextual/introduction
14,docs.statsig.com/tags/statsig-cloud
14,docs.statsig.com/experiments-plus/cure
14,docs.statsig.com/experiments-plus/bayesian-deprecated/
14,docs.statsig.com/bandit-introduction/
13,docs.statsig.com/guides/python-flask-feature-flags
13,docs.statsig.com/guides/python-flask-abtests
13,docs.statsig.com/integrations/data-connectors/stitch
13,docs.statsig.com/experiments-plus/cure/
13,docs.statsig.com/integrations/data-imports/snowflake
13,docs.statsig.com/server-core/elixir-core
12,docs.statsig.com/client/js-on-device-eval-client/integrating-with-react/
12,docs.statsig.com//
12,docs.statsig.com/experiments-plus/experiments-plus/working-with
12,docs.statsig.com/data-warehouse-ingestion/infrastructure/statsig_ip_ranges
12,docs.statsig.com/console-api/feature-flags/working-with
11,docs.statsig.com/client/introduction/javascript-sdk/react
11,docs.statsig.com/console-api/gates/rules
11,docs.statsig.com/console/featureGates/introduction
11,docs.statsig.com/guides/featuregates-or-experiments
11,docs.statsig.com/guides/
11,docs.statsig.com/guides/landing-page-experiments
11,docs.statsig.com/server/introduction
10,docs.statsig.com/pulse/userproperties/
10,docs.statsig.com/experiments-plus/experimentation/
10,docs.statsig.com/test_getting-started/
10,docs.statsig.com/server/concepts/
10,docs.statsig.com/client/introduction/iosClientSDK
10,docs.statsig.com/guides/sidecar-experiments/creating-experiments/measuring-experiments
9,docs.statsig.com/autotune/contextual/monitoring/
9,docs.statsig.com/server/phpcoresdk
9,docs.statsig.com/robots.txt
9,docs.statsig.com/autotune/contextual/getting-started/
9,docs.statsig.com/client/concepts/bootstrapping
9,docs.statsig.com/access-management/scim/okta_scim_setup
9,docs.statsig.com/stats-engine/methodologies/winsorization_variants/cloud/
8,docs.statsig.com/experiments
8,docs.statsig.com/experiments-plus/bayesian-deprecated
8,docs.statsig.com/integrations/data-imports/redshift
8,docs.statsig.com/metrics/301
8,docs.statsig.com/understanding-the-platform/
8,docs.statsig.com/guides/experiment-on-custom-id-types/abn-tests
8,docs.statsig.com/console-api/
7,docs.statsig.com/console-api/experiments-plus
7,docs.statsig.com/statsig-warehouse-native/guides/costs/
7,docs.statsig.com/console-api
7,docs.statsig.com/access-management/
7,docs.statsig.com/integrations/data-warehouses/bigquery
7,docs.statsig.com/control_getting-started/
6,docs.statsig.com/statsig-warehouse-native/metrics/latest-value/unit-count-latest
6,docs.statsig.com/metrics/201
6,docs.statsig.com/integration/slack
5,docs.statsig.com/debugging
5,docs.statsig.com/statsig-warehouse-native/
5,docs.statsig.com/metrics
5,docs.statsig.com/console-api/guides/logging-events
5,docs.statsig.com/api
5,docs.statsig.com/statsig-warehouse-native/metrics/count-distinct/unit-count-once
5,docs.statsig.com/statsig-warehouse-native/metrics/max-min
5,docs.statsig.com/statsig-warehouse-native/guides/pulse
5,docs.statsig.com/experiments-plus/experimentation/common-terms/
5,docs.statsig.com/guides/sidecar-experiments/setup/creating-experiments
5,docs.statsig.com/access-management/scim/okta_scim_user_management
4,docs.statsig.com/getting-started
4,docs.statsig.com/console-api/dynamic-config
4,docs.statsig.com/sdks
4,docs.statsig.com/statsig-warehouse-native/guides/metrics
4,docs.statsig.com/messages/serverRequiredUserIDc
4,docs.statsig.com/client/jsClientSDK)
4,docs.statsig.com/tags
4,docs.statsig.com/client
4,docs.statsig.com/statsig-warehouse-native/metrics/mean/ratio
4,docs.statsig.com/integrations/
4,docs.statsig.com/client/deprecated/reactNativeExpoSDK/reactSDK
4,docs.statsig.com/product-analytics/overview//
4,docs.statsig.com/server/concepts/all-assignments
4,docs.statsig.com/guides/sidecar-experiments
4,docs.statsig.com/autotune/contextual/getting-started
4,docs.statsig.com/client/introduction/dotnetSDK
4,docs.statsig.com/console-api/autotune
4,docs.statsig.com/guides/sidecar-experiments/
4,docs.statsig.com/client/introduction/androidClientSDK
4,docs.statsig.com/integrations/vercel_marketplace/
4,docs.statsig.com/statsig-warehouse-native/metrics/count-distinct/count
4,docs.statsig.com/console/dynamicConfig
4,docs.statsig.com/guides/sidecar-experiments/publishing-experiments/creating-experiments
4,docs.statsig.com/access-management
3,docs.statsig.com/access-management/scim/okta_scim_team_management
3,docs.statsig.com/guides/usingEnvironments
3,docs.statsig.com/integrations/event-webhooks
3,docs.statsig.com/console-api/segments/rules
3,docs.statsig.com/statsig-warehouse-native/server/introduction
3,docs.statsig.com/client/Android/
3,docs.statsig.com/server/pythonSDK).
3,docs.statsig.com/statsig-warehouse-native/metrics/log/count
3,docs.statsig.com/guides/pulse/read-pulse
3,docs.statsig.com/server/java/
3,docs.statsig.com/statsig-warehouse-native/features/reloads/incremental-reloads
3,docs.statsig.com/server/phpservercore
3,docs.statsig.com/autotune/contextual/monitoring
3,docs.statsig.com/client/jsclientsdk
3,docs.statsig.com/client/
3,docs.statsig.com/statsig-warehouse-native/metrics/log/sum
3,docs.statsig.com/stats-engine/pulse
3,docs.statsig.com/data-warehouse-ingestion/
3,docs.statsig.com/experiment
3,docs.statsig.com/client/javascript-sdk/=
3,docs.statsig.com/server/python/
3,docs.statsig.com/access-management/scim/okta_scim_org_roles
3,docs.statsig.com/statsig-warehouse-native/features/reloads/full-reloads
3,docs.statsig.com/metrics/create-user-flows
3,docs.statsig.com/guides
3,docs.statsig.com/server/javascript-sdk/
3,docs.statsig.com/pulse/userproperties
3,docs.statsig.com/server/node/
2,docs.statsig.com/guides/sidecar-experiments/creating-experiments/setup
2,docs.statsig.com/experiments-plus/best-practices
2,docs.statsig.com/client/javascript-sdk/using-evaluations-data-adapter%7D
2,docs.statsig.com/statsig-warehouse-native/metrics/
2,docs.statsig.com/integrations/data-imports/azure-upload
2,docs.statsig.com/guides/first-shopify-abtest
2,docs.statsig.com/messages/gate-changes
2,docs.statsig.com/metrics/client/jsClientSDK
2,docs.statsig.com/metrics/metrics
2,docs.statsig.com/client/deprecated/reactNativeSDK/reactSDK
2,docs.statsig.com/lasjdfljasdfljasdf
2,docs.statsig.com/sdks/custom_proxy
2,docs.statsig.com/how
2,docs.statsig.com/docs/javascript
2,docs.statsig.com/client/introduction/unitySDK
2,docs.statsig.com/client/deprecated/reactNativeExpoSDK/reactNativeSDK
2,docs.statsig.com/stats-engine/methodologies/benjamini
2,docs.statsig.com/experiments-plus/experimentation/scenarios/
2,docs.statsig.com/sdks/
2,docs.statsig.com/messages/serverRequiredUserIDFT
2,docs.statsig.com/cmVsaWFiaW
2,docs.statsig.com/client/deprecated/reactNativeSDK/reactNativeExpoSDK
2,docs.statsig.com/client/javascript-sdk/upgrade-guide/
2,docs.statsig.com/metrics/metrics/
2,docs.statsig.com/client/custom_proxy
2,docs.statsig.com/getting-started/nextjs
2,docs.statsig.com/server/ZGVwcmVjYX
2,docs.statsig.com/api/experiment-evaluations/
2,docs.statsig.com/client/javascript-sdk/E
2,docs.statsig.com/assets/js/01444792.22e932ca.js
2,docs.statsig.com/guides/experiment-lifecycle
2,docs.statsig.com/integrations/event-webhook
2,docs.statsig.com/ultrasound
2,docs.statsig.com/experiments-plus/experimentation/why-experiment/
2,docs.statsig.com/client/reactNative
2,docs.statsig.com/gate
2,docs.statsig.com/guide/experiments/
2,docs.statsig.com/statsig-warehouse-native/client/introduction
2,docs.statsig.com/integrations/webhooks
2,docs.statsig.com/console/holdouts
2,docs.statsig.com/console-api/feature-gates
2,docs.statsig.com/server
2,docs.statsig.com/server/ruby/
1,docs.statsig.com/metrics/metric-alerts/ca
1,docs.statsig.com/project-access-management
1,docs.statsig.com/server/rubySD
1,docs.statsig.com/misc/reaching_team_statsig
1,docs.statsig.com/sdk_monitoring/prwkmz2/%3Ci%3Eh%3C/i%3E
1,docs.statsig.com/experiments-plus/quality-score
1,docs.statsig.com/control_getting-starteddsfsdds/
1,docs.statsig.com/guides/guides_overview/autotune
1,docs.statsig.com/guides/segments
1,docs.statsig.com/client/react-native
1,docs.statsig.com/experiments-plus/manual-bucketing/
1,docs.statsig.com/dynamic-configs
1,docs.statsig.com/feature-flags/working-withprwkmz2/k7ga
1,docs.statsig.com/experiments/monitoring
1,docs.statsig.com/faq.md
1,docs.statsig.com/server/java
1,docs.statsig.com/statsig-warehouse-native/features/targeting/)
1,docs.statsig.com/server/concepts/forward_proxy/k7ga
1,docs.statsig.com/img/docs_meta.jpg
1,docs.statsig.com/sdks/getting-started/rss
1,docs.statsig.com/sdk_monitoring/%3Ci%3Eh%3C/i%3E
1,docs.statsig.com/statsig-warehouse-native/features/reloads/metric-reloads
1,docs.statsig.com/guides/sampleSizeCalculator
1,docs.statsig.com/app-ads.txt
1,docs.statsig.com/server/concepts/forward_proxy/%3Ci%3Eh%3C/i%3E
1,docs.statsig.com/reference/feature-gate-rule-condition
1,docs.statsig.com/client/AndroidOnDeviceEvaluation/
1,docs.statsig.com/server-core/php
1,docs.statsig.com/docs/passing-user-information
1,docs.statsig.com/docs/sdk/go/sdk-reference/check-gate
1,docs.statsig.com/stats-engin
1,docs.statsig.com/featureflag2000
1,docs.statsig.com/client/reactSDK)
1,docs.statsig.com/client/Unity/
1,docs.statsig.com/statsig-warehouse-native/guides
1,docs.statsig.com/console-api/audit-logs
1,docs.statsig.com/statsig-warehouse-native/guides/quick-start/-
1,docs.statsig.com/gates
1,docs.statsig.com/s
1,docs.statsig.com/sdk/debugging'
1,docs.statsig.com/sdk_monitoring/k7ga
1,docs.statsig.com/understanding-platform/feed
1,docs.statsig.com/stats-engine/k7ga
1,docs.statsig.com/stats-engine/%3Ci%3Eh%3C/i%3E
1,docs.statsig.com/feature-gates/target-apps/
1,docs.statsig.com/data-warehouse-ingestion/metrics/raw-events
1,docs.statsig.com/messages/serverRequiredUserIDtime=2025-02-11T16:21:47.795291000+01:00
1,docs.statsig.com/access-management/prwkmz2/k7ga
1,docs.statsig.com/guides/using-custom-fields
1,docs.statsig.com/infrastructure/statsig_ip_ranges/ss%20dash
1,docs.statsig.com/layers/https://docs.statsig.com/layers/
1,docs.statsig.com/sdk_monitoring/prwkmz2/k7ga
1,docs.statsig.com/analyze-experiments
1,docs.statsig.com/insights/introduction
1,docs.statsig.com/getting-started/node-lite
1,docs.statsig.com/feature-flags/k7ga
1,docs.statsig.com/client/reactNativeSDK/mmkv
1,docs.statsig.com/messages/serverSDKConnection%20for%20more%20information
1,docs.statsig.com/experiments-plus/=
1,docs.statsig.com/stats-engine/methodologies/bonferroni-correction;%20https:/docs.statsig.com/stats-engine/methodologies/
1,docs.statsig.com/statsig-warehouse-native/data-privacy).
1,docs.statsig.com/experiments-plus/make-decision/prwkmz2/%3Ci%3Eh%3C/i%3E
1,docs.statsig.com/server/concepts/forward_proxy/prwkmz2/%3Ci%3Eh%3C/i%3E
1,docs.statsig.com/experiments-plus/make-decision/%3Ci%3Eh%3C/i%3E
1,docs.statsig.com/stats-engine/feed
1,docs.statsig.com/guides/ingestData/
1,docs.statsig.com/security
1,docs.statsig.com/integrations/data-connectors/rudderstack_ga_EM5RHE1RHW*MTczODk1NzIzNi43LjEuMTczODk1OTUxNS4wLjAuMA..
1,docs.statsig.com/fomo
1,docs.statsig.com/feature/doc-that-needs-improved
1,docs.statsig.com/statsig-warehouse-native/features/reloads)
1,docs.statsig.com/guides/attributes
1,docs.statsig.com/client/javascript
1,docs.statsig.com/sdk/server/dotnet
1,docs.statsig.com/access-management/sso/azuread).
1,docs.statsig.com/client/javascript-sdk/upgrade_guide
1,docs.statsig.com/guides/working-with-users
1,docs.statsig.com/stats-engine/methodologies/winsorization_variants/warehouse
1,docs.statsig.com/openapi/billing-api
1,docs.statsig.com/pulse/user-properties/
1,docs.statsig.com/client/concepts/user-object
1,docs.statsig.com/server/concepts/forward_proxy/prwkmz2/k7ga
1,docs.statsig.com/client/introduction/javascript-sdk/react-native
1,docs.statsig.com/metrics/create).
1,docs.statsig.com/integrations/data-imports/bigquery-deprecated
1,docs.statsig.com/client/reactSDK%7Csource
1,docs.statsig.com/feature-flags/working-withprwkmz2/%3Ci%3Eh%3C/i%3E
1,docs.statsig.com/products
1,docs.statsig.com/stats-engine/rss
1,docs.statsig.com/server/go/
1,docs.statsig.com/server-core/python
1,docs.statsig.com/statsig-warehouse-native/features/cohort-metrics
1,docs.statsig.com/client/javascript-sdk/upgrade-guide
1,docs.statsig.com/messages/
1,docs.statsig.com/guides/sendgrid-email-abtest)
1,docs.statsig.com/custom-fields
1,docs.statsig.com/azureai/introduction&esheet=54155685&newsitemid=20241119697721&lan=en-US&anchor=Azure+AI+SDK&index=1&md
1,docs.statsig.com/messages/serverRequiredUserIDfalse
1,docs.statsig.com/experiments/quality-score
1,docs.statsig.com/server/javaSDK
1,docs.statsig.com/client/javascript-sdk/upgrade_guide/
1,docs.statsig.com/sdks/node-core/
1,docs.statsig.com/server/php/
1,docs.statsig.com/integrations/data-imports/snowflake).
1,docs.statsig.com/sdks/server-core/
1,docs.statsig.com/test_getting-started
1,docs.statsig.com/server/concepts/bootstrapping/
1,docs.statsig.com/experiments/sample-ratio-mismatch
1,docs.statsig.com/console-api/feature-gate
1,docs.statsig.com/experiments-plus/hte
1,docs.statsig.com/%20Pulse%20has%20stopped%20computing
1,docs.statsig.com/statsig-warehouse-native/connecting-your-warehouse/
1,docs.statsig.com/statsig-warehouse-native/guides/costs
1,docs.statsig.com/access-management/introductionk7ga
1,docs.statsig.com/feature-flags/prwkmz2/%3Ci%3Eh%3C/i%3E
1,docs.statsig.com/nl/privacybeleid-seashop
1,docs.statsig.com/integrations/netlify
1,docs.statsig.com/guides/using-segments
1,[TRUNCATED] https://docs.statsig.com/messages/serverSDKConnection%20for%20more%20information%20statsigSDK::sync%3E%20Syncing%20the%20server%
1,docs.statsig.com/feature-flags/working-withk7ga
1,docs.statsig.com/assets/js/f706069f.21e4146b.js
1,"docs.statsig.com/guides/customer-io-email-abtest),"
1,docs.statsig.com/experimentation/best-practices
1,docs.statsig.com/statsig-warehouse-native/configuration/query-tool
1,"docs.statsig.com/concepts/user,"
1,docs.statsig.com/laksdflaksdjfaljksdf
1,docs.statsig.com/understanding-the-platform
1,docs.statsig.com/contextual-bandi
1,docs.statsig.com/developer-guides/
1,docs.statsig.com/experimentation
1,docs.statsig.com/access-management/scim/okta_scim_troubleshooting
1,docs.statsig.com/server/javaServerSDK
1,docs.statsig.com/client/js-on-device-eval-client/%22
1,docs.statsig.com/server-core/php-core
1,docs.statsig.com/experiments/experiment-monitoring
1,docs.statsig.com/Planning
1,docs.statsig.com/feature-flags/working-with%3Ci%3Eh%3C/i%3E
1,docs.statsig.com/client/javascript-sdk/stableid
1,docs.statsig.com/guides/first-experiment
1,docs.statsig.com/experiments/
1,docs.statsig.com/.well-known/openid-configuration
1,docs.statsig.com/server/
1,"docs.statsig.com/segments/add-rule%7Csource&gt;.&quot;%7D,%7B&quot;role&quot;:&quot;user&quot;,&quot;content&quot;:&quot"
1,docs.statsig.com/dynamic-config/rss
1,docs.statsig.com/integrations/data-exports/overview).
1,docs.statsig.com/experiments-plus/experimentation/choosing-randarmomization-unit
1,docs.statsig.com/integrations/cloudflare-kv
1,docs.statsig.com/integrations/vercel_marketplace
1,docs.statsig.com/statsig-warehouse-native/guides/experiments
1,docs.statsig.com/guides/using-environments).
1,docs.statsig.com/feature-flags/conditions).
1,docs.statsig.com/client/node-sdk/stable-id/
1,docs.statsig.com/access-management/k7ga
1,docs.statsig.com/openapi
1,docs.statsig.com/client/reactNativesdk
1,"docs.statsig.com/,"
1,docs.statsig.com/understanding-platform/rss
1,docs.statsig.com/sdks/getting-startel/
1,docs.statsig.com/server/goSDK/
1,docs.statsig.com/guides/sidecar-expegongriments/setup/
1,docs.statsig.com/access-management/introductionprwkmz2/k7ga
1,docs.statsig.com/sdks/getting-started/feed
1,docs.statsig.com/integrations
1,docs.statsig.com/stats-engine/prwkmz2/%3Ci%3Eh%3C/i%3E
1,docs.statsig.com/messages
1,docs.statsig.com/experiments-plus/experimentation
1,docs.statsig.com/statsig-warehouse-native/connecting-your-warehouse/scheduled-reloads)
1,docs.statsig.com/server/javascript-sdk
1,docs.statsig.com/peeps
1,docs.statsig.com/stats-engine/prwkmz2/k7ga
1,docs.statsig.com/console-api/experiments/openapi.json
1,docs.statsig.com/metrics/user-dimensions
1,docs.statsig.com/http-ap
1,docs.statsig.com/statsig-warehouse-native/features/
1,docs.statsig.com/access-management/introduction%3Ci%3Eh%3C/i%3E
1,docs.statsig.com/access-management/prwkmz2/%3Ci%3Eh%3C/i%3E
1,docs.statsig.com/infrastructure/statsig_domains/)
1,docs.statsig.com/feature-flags/prwkmz2/k7ga
1,docs.statsig.com/messages/serverRequiredUserID//
1,docs.statsig.com/feature-gates/monitoring
1,docs.statsig.com/control_getting-started
1,docs.statsig.com/console-api/**
1,docs.statsig.com/concepts/user/https://divisionsinc.atlassian.net/wiki/spaces/CC/pages/2687696897/Code+Style